8924645508,1,Cliffs of Aran,BgSpiX,2013-06-02 09:23:39,2013-06-02 18:48:46,"[u'agite\u0301e', u'aran', u'aranislands', u'canon']",12,3,68637580@N05,68637580@N05,367,1,2011-10-15 08:57:40,2011-10-14 17:48:48,29,
8806324239,2,tono,- N ª H u e L -,2013-05-24 14:21:03,2013-06-02 18:46:28,[],4,5,49362521@N04,49362521@N04,234,0,2010-04-19 17:03:10,2010-04-16 18:27:16,148,
8929784621,3,,Hudson Rodrigues,2013-06-02 18:44:42,2013-06-02 18:44:48,[u'hudsonrodrigues'],1,0,8733215@N07,8733215@N07,813,1,2007-06-07 00:06:56,2007-06-06 23:56:42,1222,
8929396609,4,Zhujiajiao-39,Sean Maynard,2013-06-02 18:34:59,2013-06-02 18:44:32,"[u'china', u'shanghai', u'zhujiajiao', u'alley']",1,0,7683059@N05,7683059@N05,2708,1,2007-04-07 19:54:57,2007-04-07 19:44:43,163,
8522483215,5,newspaper clipping,James Shiu,2013-03-02 22:22:36,2013-06-02 18:44:13,[],16,0,90746897@N07,90746897@N07,79,0,2012-12-03 23:31:00,2012-12-03 23:20:56,0,
8916839531,6,"mallorca, Deija",fredesorensen,2013-06-01 17:18:51,2013-06-02 18:44:04,[u'mallorcaleica'],2,0,81449832@N00,81449832@N00,1159,1,2006-03-05 13:18:32,2006-03-05 10:16:45,291,
8929722915,7,Blue Eyes,SeRVe Photography,2013-06-02 18:35:58,2013-06-02 18:43:28,[],3,0,11614603@N05,11614603@N05,1956,1,2008-07-27 15:22:06,2007-08-17 13:55:03,344,
8929763443,8,Fountain of Youth,Wilson Lam @ {WLQ},2013-06-02 18:43:24,2013-06-02 18:43:25,"[u'fountainofyouth', u'taiko', u'drummers', u'sanfrancisco']",6,0,15721381@N00,15721381@N00,2927,1,2005-12-23 01:43:04,2005-05-26 02:52:51,239,
8930367712,9,Pitt Meadows May-2013-07-d,Bobby_Ho,2013-06-02 18:40:27,2013-06-02 18:42:50,"[u'pittmeadows', u'britishcolumbia', u'canada']",0,0,14854433@N07,14854433@N07,877,1,2007-10-11 01:20:44,2007-10-11 01:17:35,66,
8929744677,10,Oratoire,Phil Carriere,2013-06-02 18:38:23,2013-06-02 18:40:45,[],3,1,80094163@N02,80094163@N02,50,1,2012-09-19 09:02:32,2012-06-09 21:06:29,58,
5953858122,11,"RSPB Arne near Wareham in Dorset, England - June 2011",SaffyH - wont renew pro account now!,2011-07-19 03:20:43,2013-06-02 18:39:51,"[u'2011', u'dorset', u'arne', u'rspb']",538,4,66909027@N00,66909027@N00,2809,1,2006-11-28 16:25:00,2006-01-26 17:23:43,1460,
8926455574,12,Seeing The Unseen,Luffup*,2013-06-02 12:08:02,2013-06-02 18:35:05,[],27,10,59500812@N04,59500812@N04,939,1,2011-02-13 21:43:50,2011-02-13 21:20:47,489,
8929675615,13,plouf,leoskar,2013-06-02 18:34:47,2013-06-02 18:34:50,"[u'water', u'eau', u'nikon', u'nikond3200']",8,2,90929454@N02,90929454@N02,98,1,2012-12-09 20:32:00,2012-12-09 20:23:26,63,
8930278070,14,Secret Cove,jp2pix.com,2013-06-02 18:34:17,2013-06-02 18:34:24,"[u'tahoe', u'laketahoe', u'secret', u'nude']",4,1,22508660@N06,22508660@N06,289,1,2012-05-25 21:26:35,2008-01-04 19:19:53,98,
8929194185,15,HAWKER BEECHCRAFT KING AIR B350 - SBJD/QDV,JONES CESAR DALAZEN,2013-06-02 17:37:10,2013-06-02 18:33:47,"[u'aviationairplaneaircraft', u'zrakoplov', u'flyvemaskine', u'fly']",13,1,11272425@N03,11272425@N03,759,1,2007-08-11 09:10:45,2007-08-11 09:04:06,3692,
8930172934,16,ice-hairdressing-Casey,Anthony Byron - BuDWiZeR,2013-06-02 18:19:48,2013-06-02 18:33:07,"[u'strobist', u'portrait', u'fashion', u'female']",2,1,30353086@N08,30353086@N08,453,0,2010-05-25 02:46:23,2008-09-07 03:40:21,496,
8846769093,17,atracción,ceci prandini,2013-05-26 18:05:08,2013-06-02 18:26:58,"[u'mygearandme', u'mygearandmepremium']",156,13,48274477@N02,48274477@N02,358,1,2012-03-01 08:31:26,2010-03-10 14:07:22,403,
8928665523,18,bajo,ceci prandini,2013-06-02 16:20:14,2013-06-02 18:26:57,"[u'nikond5100', u'nikon', u'bw', u'bass']",20,4,48274477@N02,48274477@N02,358,1,2012-03-01 08:31:26,2010-03-10 14:07:22,403,
8929603331,19,Back Smith,Sebastian Barrios,2013-06-02 18:23:34,2013-06-02 18:26:29,"[u'backside', u'smith', u'grind', u'truco']",4,0,72632791@N07,72632791@N07,47,0,2012-01-06 23:37:20,2011-12-22 13:24:26,101,
8929259600,20,HDR Experimenting...,Amitrag Shetty,2013-06-02 16:19:11,2013-06-02 18:24:31,[],9,2,41433435@N06,41433435@N06,176,1,2009-10-07 14:47:09,2009-08-12 16:00:08,49,
8929759602,21,Texture,Kunfy Nomyek,2013-06-02 17:26:51,2013-06-02 18:24:26,[],2,0,74054779@N00,74054779@N00,300,1,2007-05-08 20:35:00,2007-02-13 15:35:55,69,
8929315253,22,Fluff,Kunfy Nomyek,2013-06-02 17:52:17,2013-06-02 18:24:23,[u'bokeh'],5,2,74054779@N00,74054779@N00,300,1,2007-05-08 20:35:00,2007-02-13 15:35:55,69,
8930164958,23,Melon,Sebastian Barrios,2013-06-02 18:18:56,2013-06-02 18:24:11,"[u'melon', u'skateboarding', u'skatepark', u'patineta']",15,0,72632791@N07,72632791@N07,47,0,2012-01-06 23:37:20,2011-12-22 13:24:26,101,
8930198164,24,Vader,JSBPhotography,2013-06-02 18:23:30,2013-06-02 18:23:31,"[u'star', u'wars', u'starwars', u'darthvader']",9,0,52970294@N02,52970294@N02,157,0,2010-08-13 12:29:49,2010-08-13 12:22:54,87,
8930110066,25,Zoológico de São Paulo,Michael S Guimarães,2013-06-02 18:21:38,2013-06-02 18:21:43,"[u'aves', u'pretoebranco', u'pb', u'blackandwhite']",7,0,61640111@N06,61640111@N06,452,1,2011-09-04 18:07:32,2011-04-10 17:46:26,105,
8923030683,26,Eclipse,Black and White Fine Art,2013-06-02 07:38:15,2013-06-02 18:21:37,"[u'puertorico', u'sanjuan', u'silverefexpro2', u'streetphotography']",24,7,66623891@N02,66623891@N02,393,1,2011-08-21 07:02:06,2011-08-21 06:43:58,1393,
8930096908,27,Homeless,luka62,2013-06-02 18:11:07,2013-06-02 18:21:19,[],3,0,46365350@N02,46365350@N02,99,0,2010-01-09 12:00:06,2010-01-09 11:34:56,76,
8929463803,28,Flamingos,PMillera4,2013-06-02 18:16:37,2013-06-02 18:16:46,"[u'flamingo', u'orange', u'bird', u'animal']",6,0,48227962@N04,48227962@N04,3108,1,2010-03-08 16:57:48,2010-03-08 16:48:47,273,
8929470093,29,Forks,PMillera4,2013-06-02 18:16:35,2013-06-02 18:16:45,"[u'forks', u'cutlery', u'fork', u'blackandwhite']",3,0,48227962@N04,48227962@N04,3108,1,2010-03-08 16:57:48,2010-03-08 16:48:47,273,
8930098354,30,Firestarter (Poi),Perulli Photography (M.Perulli),2013-06-02 18:15:47,2013-06-02 18:15:57,"[u'poi', u'd\xfcsseldorf', u'blue', u'fire']",4,0,61000746@N03,61000746@N03,1183,1,2011-03-25 08:28:29,2011-03-25 08:19:11,139,
8929459161,31,~ Jade Williams,Fallen Angel Studio©,2013-06-02 18:15:21,2013-06-02 18:15:34,"[u'jade', u'williams', u'bart', u'r']",46,2,20279033@N02,20279033@N02,638,1,2008-10-10 19:55:36,2007-11-11 20:06:43,154,
8929750278,32,faro porto di Genova,carmedimaria,2013-06-02 17:26:33,2013-06-02 18:11:26,[],0,0,58563128@N08,58563128@N08,31,0,2011-01-25 16:33:03,2011-01-18 15:13:22,7,
8929461801,33,Autumn's Hands,charlesbrookscellistphotographer,2013-06-02 18:08:41,2013-06-02 18:08:41,"[u'botanicalgardens', u'autumn', u'leaves', u'red']",9,2,50138555@N00,50138555@N00,26,0,2007-06-21 07:14:11,2007-01-29 13:56:44,161,
8896953855,34,Alone,mdniaz,2013-05-30 21:34:56,2013-06-02 18:08:35,[],9,2,88642102@N02,88642102@N02,196,0,2012-10-14 22:13:04,2012-10-14 21:17:14,2,
8930036444,35,road to ocean,boomtown525,2013-06-02 18:07:57,2013-06-02 18:08:03,"[u'hasselblad', u'503cx', u'cf80mm', u'kodak']",12,3,24822521@N05,24822521@N05,322,1,2011-02-07 22:27:38,2008-03-19 18:33:33,72,
8930004884,36,,Dom Read,2013-06-02 18:07:28,2013-06-02 18:07:33,[],14,2,79647614@N08,79647614@N08,167,1,2012-04-28 15:45:48,2012-04-28 15:31:34,189,
8923739106,37,Musico Callejero,Samy Collazo,2013-06-02 07:49:00,2013-06-02 18:07:23,"[u'puertorico', u'sanjuan', u'samycollazo', u'street']",46,12,29184928@N02,29184928@N02,1039,1,2008-08-10 15:07:52,2008-08-02 23:42:52,4173,
8929989780,38,Like a colorful dream,Tƒoto,2013-06-02 18:00:08,2013-06-02 18:06:50,"[u'flower', u'colorful', u'macro', u'd7000']",32,5,24191702@N03,24191702@N03,539,1,2008-03-16 14:09:10,2008-02-27 17:58:29,570,
8930003828,39,Beautiful morning,azirull amin aripin,2013-06-02 18:04:59,2013-06-02 18:05:00,"[u'malaysia', u'kelantan', u'tumpat', u'seascape']",10,1,22291641@N04,22291641@N04,246,1,2011-12-04 08:19:03,2007-12-30 03:23:52,706,
8929423187,40,What dwells inside my garage,Manfred Barba PHOTOGRAPHY,2013-06-02 18:04:38,2013-06-02 18:04:46,"[u'hands', u'photography', u'composite', u'conceptual']",13,1,40615945@N04,40615945@N04,339,1,2011-03-13 14:25:52,2009-07-20 03:20:44,98,
8928096131,41,Grotten van Remouchamps,dshmelev,2013-06-02 15:30:23,2013-06-02 18:01:06,"[u'remouchamps', u'belgium', u'dmitryshmelev']",3,1,78408718@N00,78408718@N00,249,1,2005-12-07 23:44:07,2005-12-07 23:37:34,38,
8929960728,42,Segóvia 05,SMA200768,2013-06-02 18:00:13,2013-06-02 18:00:22,"[u'spain', u'espanha', u'seg\xf3via', u'travel']",23,1,61605176@N02,61605176@N02,434,1,2011-04-10 20:38:38,2011-04-10 20:33:04,788,
8929264279,43,"Parque Independencia, Tandil Buenos Aires",Celomar,2013-06-02 17:45:23,2013-06-02 17:59:26,"[u'tandil', u'parque', u'independencia', u'buenos']",0,0,58384294@N02,58384294@N02,114,0,2011-01-16 16:59:24,2011-01-16 16:42:46,140,
8929844432,44,rusty,rael11ld,2013-06-02 17:40:23,2013-06-02 17:59:24,[],0,0,90552259@N03,90552259@N03,790,1,2012-11-28 04:52:53,2012-11-28 04:43:24,30,
8929815732,45,rusty,rael11ld,2013-06-02 17:35:45,2013-06-02 17:59:16,[],0,0,90552259@N03,90552259@N03,790,1,2012-11-28 04:52:53,2012-11-28 04:43:24,30,
8929333649,46,DSCN0149,Earth Guardian Angel,2013-06-02 17:58:25,2013-06-02 17:58:27,[],9,0,89836309@N02,89836309@N02,320,1,2012-11-08 18:01:21,2012-11-08 15:55:37,85,
8929315135,47,Elvis,Eugene Lagana,2013-06-02 17:52:25,2013-06-02 17:57:17,"[u'elvis', u'west', u'milford', u'equestrian']",32,0,54528761@N07,54528761@N07,194,1,2010-10-03 23:54:57,2010-10-03 21:22:58,24,
8929221309,48,Let it rain,Imscenergy,2013-06-02 17:38:06,2013-06-02 17:55:40,"[u'letitrain', u'rain', u'rainparadise', u'smelltherain']",9,3,48165683@N08,48165683@N08,51,0,2012-04-09 23:23:00,2010-03-05 11:31:14,204,
8926277063,49,Spring,VenhuizenM,2013-06-02 12:53:00,2013-06-02 17:53:39,"[u'd3100', u'50mm', u'f18', u'flower']",8,2,91952517@N04,91952517@N04,35,0,2013-01-06 13:23:00,2013-01-06 13:06:35,7,
8926276671,50,Spring,VenhuizenM,2013-06-02 12:53:01,2013-06-02 17:53:38,"[u'd3100', u'50mm', u'f18', u'flower']",4,3,91952517@N04,91952517@N04,35,0,2013-01-06 13:23:00,2013-01-06 13:06:35,7,
8929251253,51,[1000 Strangers] #49 (60) Christian & Stefano,Anh Tu Nguyen Photography,2013-06-02 17:42:52,2013-06-02 17:52:48,[],0,0,7933174@N07,7933174@N07,421,1,2010-10-05 07:27:50,2007-04-22 20:56:00,1207,
